{
    "nms_scores_th": 0.001,
    "nms_iou_th": 0.7,
    "image_dims": [
        640,
        640
    ],
    "max_proposals_per_class": 100,
    "classes": 80,
    "regression_length": 16,
    "background_removal": false,
    "bbox_decoders": [
        {
            "name": "yolov8n/bbox_decoder41",
            "stride": 8,
            "reg_layer": "yolov8n/conv41",
            "cls_layer": "yolov8n/conv42"
        },
        {
            "name": "yolov8n/bbox_decoder52",
            "stride": 16,
            "reg_layer": "yolov8n/conv52",
            "cls_layer": "yolov8n/conv53"
        },
        {
            "name": "yolov8n/bbox_decoder62",
            "stride": 32,
            "reg_layer": "yolov8n/conv62",
            "cls_layer": "yolov8n/conv63"
        }
    ]
}